<addon id="plugin.video.medusa" name="Medusa" version="1.0.0" provider-name="faithvoid" standalone="yes">
<requires>
<import addon="xbmc.python" version="2.7.11"/>
</requires>
<extension point="xbmc.python.pluginsource" library="default.py">
<provides>video</provides>
</extension>
<extension point="xbmc.addon.metadata">
<platform>xbox</platform>
<license>GPL-2.0-only</license>
<summary lang="en">Medusa</summary>
<description lang="en_US">Internet Archive media streaming.</description>
</extension>
</addon>
